Data,Zamkniecie,Wolumen
2004-05-30,23541.7,53629078
2004-06-06,23506.9,54660012
2004-06-13,23471.2,42531744
2004-06-20,23058.9,37440087
2004-06-27,23818.9,39450847
2004-07-04,23757.2,41400660
2004-07-11,23847.6,33104712
2004-07-18,23508.2,44008689
2004-07-25,23879.1,34206462
2004-08-01,23632.3,31179693
2004-08-08,23736.3,30663668
2004-08-15,23367.6,27792466
2004-08-22,23917.9,33669281
2004-08-29,24179.8,31747560
2004-09-05,24412.7,40891601
2004-09-12,24939.4,42031888
2004-09-19,25312.5,51770722
2004-09-26,24869.3,44080729
2004-10-03,25254.9,36179907
2004-10-10,25451,50553528
2004-10-17,24871.5,48782121
2004-10-24,25020.2,39272211
2004-10-31,25419.3,47353690
2004-11-07,25327.7,45143840
2004-11-14,25623.9,46519966
2004-11-21,25309.5,73968915
2004-11-28,25268.4,69015755
2004-12-05,26040.2,86533168
2004-12-12,25653.7,68903035
2004-12-19,26206.2,83125177
2004-12-26,26152.4,72317061
2005-01-02,26636.2,38199688
2005-01-09,25931.4,56579795
2005-01-16,25767.1,62517119
2005-01-23,25206.5,56623106
2005-01-30,25792.3,60865370
2005-02-06,26638.9,69079908
2005-02-13,26812.1,69219999
2005-02-20,27752.8,85814890
2005-02-27,28547.1,84896590
2005-03-06,27841.2,89307865
2005-03-13,27614,69357664
2005-03-20,26850,73225304
2005-03-27,26908.7,47520863
2005-04-03,27197.3,39166857
2005-04-10,27335.1,40939584
2005-04-17,26865.9,43796202
2005-04-24,26534,49083764
2005-05-01,25813.6,43836768
2005-05-08,25977.6,34694119
2005-05-15,25662.6,54670849
2005-05-22,26324,55796175
2005-05-29,26712.7,34951661
2005-06-05,26974.6,48967791
2005-06-12,27574.7,59596290
2005-06-19,27985.8,61717015
2005-06-26,28071.3,61148446
2005-07-03,28620.1,56864756
2005-07-10,28925.6,67266810
2005-07-17,29430.5,60884708
2005-07-24,29165.5,56382871
2005-07-31,30448.3,65759200
2005-08-07,30907.2,62307360
2005-08-14,30736,63914647
2005-08-21,30548.5,47872507
2005-08-28,30917.7,47760173
2005-09-04,31959.3,79375836
2005-09-11,32084.5,49336593
2005-09-18,33256.3,73436541
2005-09-25,33223.9,92403621
2005-10-02,33801.2,70266214
2005-10-09,32700.7,72578620
2005-10-16,31599.9,61675648
2005-10-23,31727.4,78943632
2005-10-30,31728.5,108537927
2005-11-06,33317.6,73541855
2005-11-13,33012.9,82269951
2005-11-20,33667,124372426
2005-11-27,33392.8,128500760
2005-12-04,34480.7,122048132
2005-12-11,34333.9,97697887
2005-12-18,34821.8,115710441
2005-12-25,35730.4,136668578
2006-01-01,35600.8,57780485
2006-01-08,37921.1,187599080
2006-01-15,37599.5,153446064
2006-01-22,39013.1,149510260
2006-01-29,39107,126063106
2006-02-05,37222,119988664
2006-02-12,37870.9,88065182
2006-02-19,38625.8,92194753
2006-02-26,39794,85023964
2006-03-05,39357,137841004
2006-03-12,37942.1,112415742
2006-03-19,39214.4,124288490
2006-03-26,39660.8,93871900
2006-04-02,40220.3,95985996
2006-04-09,41823.1,160500920
2006-04-16,42018.4,144153010
2006-04-23,43979.5,124533226
2006-04-30,43998.6,134023782
2006-05-07,45070.9,64993861
2006-05-14,45390.3,133728658
2006-05-21,42656.8,142361052
2006-05-28,40446.4,186065202
2006-06-04,40917.5,116309020
2006-06-11,38758.3,105594404
2006-06-18,36340.6,140259376
2006-06-25,37402.6,100606022
2006-07-02,40644.6,161287850
2006-07-09,42875.6,136535787
2006-07-16,42010.8,136082588
2006-07-23,43418,99525494
2006-07-30,45781.7,114470439
2006-08-06,44003.3,116798066
2006-08-13,42742.7,111036414
2006-08-20,43166.9,81963230
2006-08-27,42583.7,77964717
2006-09-03,43488,86640877
2006-09-10,44071.9,116353181
2006-09-17,44352.5,169235938
2006-09-24,43772.1,155277296
2006-10-01,44052.5,159809626
2006-10-08,44966.6,117685918
2006-10-15,47280.4,127196283
2006-10-22,47562.9,153016738
2006-10-29,47761,233732342
2006-11-05,47833.4,118227788
2006-11-12,49032.6,273028744
2006-11-19,48300.4,241025480
2006-11-26,49566.1,165798228
2006-12-03,50601.7,152244888
2006-12-10,52166.5,177163748
2006-12-17,51962,211332216
2006-12-24,49730.6,200611776
2006-12-31,50411.8,88216392
2007-01-07,49560.3,127785492
2007-01-14,51020.9,159890966
2007-01-21,54048.2,225095948
2007-01-28,53488,205733354
2007-02-04,55314,209727920
2007-02-11,53826.9,179898234
2007-02-18,53834.9,157527862
2007-02-25,55702.5,240085660
2007-03-04,51917.3,284998380
2007-03-11,52910.8,185119418
2007-03-18,53676.9,239051828
2007-03-25,56936.5,664020200
2007-04-01,57524.6,746043664
2007-04-08,58183.8,610655616
2007-04-15,58822.5,560502568
2007-04-22,60316.7,559163376
2007-04-29,59378.1,436631940
2007-05-06,61553.7,153635572
2007-05-13,59667.4,352354904
2007-05-20,59952.3,299960524
2007-05-27,61664.7,343309792
2007-06-03,64610.8,373744076
2007-06-10,62956.2,406798856
2007-06-17,65438.2,680279704
2007-06-24,65712.8,382418992
2007-07-01,66077.7,422921096
2007-07-08,67568.5,300354632
2007-07-15,65989.7,370984924
2007-07-22,65257.3,313466364
2007-07-29,62609.5,305859076
2007-08-05,61684.4,233081368
2007-08-12,58395.5,262123568
2007-08-19,56506.5,388402680
2007-08-26,60108.2,375940748
2007-09-02,60649.9,434183992
2007-09-09,59197.4,660467840
2007-09-16,60071.3,269330320
2007-09-23,62259.2,613155464
2007-09-30,60368.9,374739084
2007-10-07,61554.1,362688400
2007-10-14,63813.9,446984027
2007-10-21,63132.7,313585496
2007-10-28,63366.3,296399831
2007-11-04,62154.6,179590716
2007-11-11,58222.8,408551052
2007-11-18,55517.6,455643403
2007-11-25,56094.4,548543835
2007-12-02,56680.3,490081257
2007-12-09,58635.8,838511585
2007-12-16,56871.4,518161372
2007-12-23,55792.5,721477616
2007-12-30,55648.5,206475523
2008-01-06,54850.7,252729524
2008-01-13,50400.8,734940369
2008-01-20,47128.7,873304422
2008-01-27,47522.1,829744129
2008-02-03,49092.2,714073171
2008-02-10,47589,498789528
2008-02-17,49309.4,557342649
2008-02-24,49320.2,396711365
2008-03-02,47522,305203447
2008-03-09,45792.5,387648813
2008-03-16,46239.4,309615681
2008-03-23,45903.7,301825565
2008-03-30,47936.7,229141748
2008-04-06,48615.5,285945946
2008-04-13,47064.2,231919384
2008-04-20,47477.1,296523526
2008-04-27,46265.3,345960630
2008-05-04,46691.8,118742864
2008-05-11,47598.7,187254056
2008-05-18,47960.4,245395789
2008-05-25,46573.9,212498842
2008-06-01,46624.4,233376302
2008-06-08,45819.4,233605689
2008-06-15,43623.3,257994944
2008-06-22,42987.4,264084294
2008-06-29,41373.8,216567065
2008-07-06,39584,282144086
2008-07-13,38927.9,311073005
2008-07-20,38847.3,346987339
2008-07-27,40640.4,342525809
2008-08-03,42017.9,472260047
2008-08-10,40651.8,324169921
2008-08-17,40903.5,188194066
2008-08-24,40411.3,300106100
2008-08-31,40481.8,219584460
2008-09-07,39913.5,291370444
2008-09-14,39121,200060881
2008-09-21,38361,385852269
2008-09-28,38460.5,337773042
2008-10-05,36830.3,556394640
2008-10-12,31041.4,493402043
2008-10-19,28624.8,404010283
2008-10-26,25291.4,394831796
2008-11-02,28397.1,417721751
2008-11-09,28427.3,426619744
2008-11-16,27110.6,257800106
2008-11-23,25388.8,394952708
2008-11-30,27130.1,496067564
2008-12-07,26980.5,286458344
2008-12-14,27318.7,350181909
2008-12-21,27222.2,346058089
2008-12-28,26776.3,105624335
2009-01-04,27228.6,124631089
2009-01-11,27680,466092687
2009-01-18,26177.1,625057868
2009-01-25,24798,392674733
2009-02-01,24685.4,278718410
2009-02-08,23914.4,396104528
2009-02-15,23555.5,427537980
2009-02-22,21831.6,425298928
2009-03-01,21690.8,290635038
2009-03-08,22948.5,397775750
2009-03-15,23176.7,430506122
2009-03-22,23581.9,405785540
2009-03-29,24813,674155771
2009-04-05,26152,856251708
2009-04-12,28017.8,631527915
2009-04-19,27390.5,693111869
2009-04-26,28319.9,621938101
2009-05-03,29018.6,427219196
2009-05-10,29698.4,892900933
2009-05-17,29424.4,493764409
2009-05-24,29399.6,564511210
2009-05-31,29322.7,442711556
2009-06-07,31399,463020991
2009-06-14,32362.7,287029099
2009-06-21,31556.2,494573146
2009-06-28,30262.5,401213954
2009-07-05,30105.1,394984705
2009-07-12,29611.5,712224060
2009-07-19,31544.7,433485271
2009-07-26,33997.1,447158958
2009-08-02,35261.9,480716549
2009-08-09,35422.9,479062350
2009-08-16,35811.3,477836830
2009-08-23,37915.4,409091932
2009-08-30,38232.1,524497525
2009-09-06,36191.6,486744457
2009-09-13,36649.3,489996697
2009-09-20,36870.4,426552162
2009-09-27,38214.6,652448831
2009-10-04,37045.6,410168494
2009-10-11,38017,306648247
2009-10-18,38470.3,468458788
2009-10-25,40262.9,363915019
2009-11-01,38427.6,379100934
2009-11-08,38524.6,319173276
2009-11-15,39782.5,334953189
2009-11-22,39574.2,542558283
2009-11-29,39083.1,407100812
2009-12-06,40852.9,296405882
2009-12-13,39463.1,270410137
2009-12-20,39399.5,298912287
2009-12-27,39686.2,208700195
2010-01-03,39986,236595619
2010-01-10,40921.9,349536812
2010-01-17,40990.5,401883757
2010-01-24,40467.2,501283326
2010-01-31,40058.3,293236973
2010-02-07,37502.9,325085008
2010-02-14,37933,530557805
2010-02-21,38650,381472811
2010-02-28,38708.6,363086084
2010-03-07,40354.3,554481757
2010-03-14,41253.6,580156227
2010-03-21,41611.7,1027860905
2010-03-28,42395.5,523529317
2010-04-04,43151.3,324025979
2010-04-11,43262.2,342728228
2010-04-18,43912.6,511797468
2010-04-25,42810,428511500
2010-05-02,43295.2,292535437
2010-05-09,39923.6,329822293
2010-05-16,41075.4,468373793
2010-05-23,39580.6,530025943
2010-05-30,41409.2,500297263
2010-06-06,40451.2,297194053
2010-06-13,40635.6,315237621
2010-06-20,40761.7,463839503
2010-06-27,40376.8,366843911
2010-07-04,39805.4,322823944
2010-07-11,40392.1,301539914
2010-07-18,41060.8,372415271
2010-07-25,42292.1,411244072
2010-08-01,42464.7,419967053
2010-08-08,43421.3,469473693
2010-08-15,42167.93,365279661
2010-08-22,42202.91,255363327
2010-08-29,42083.62,286839282
2010-09-05,42944.94,446969143
2010-09-12,43671.28,454477348
2010-09-19,44145.24,461869762
2010-09-26,45133.77,408724805
2010-10-03,45225.58,550728621
2010-10-10,45227.66,496086639
2010-10-17,45806.33,438361456
2010-10-24,45729.01,502730557
2010-10-31,46229.6,497914726
2010-11-07,47232.31,351302755
2010-11-14,47493.93,332556915
2010-11-21,46005.8,759253513
2010-11-28,45641.9,396921745
2010-12-05,46868.43,356210778
2010-12-12,47510.17,380733139
2010-12-19,47651.54,512250442
2010-12-26,47718.8,292533732
2011-01-02,47489.91,287923139
2011-01-09,46850.41,138457219
2011-01-16,47258.66,328307800
2011-01-23,47641.43,371636618
2011-01-30,47223.01,362744648
2011-02-06,47796.39,742914214
2011-02-13,47547.85,528147175
2011-02-20,46761.43,379638683
2011-02-27,46874.11,371788321
2011-03-06,48295.76,536259405
2011-03-13,47689.93,454328432
2011-03-20,48010.91,531423270
2011-03-27,48626.25,408820828
2011-04-03,49503.34,458138607
2011-04-10,49986.15,508764371
2011-04-17,50016.31,506644921
2011-04-24,49966.31,397323264
2011-05-01,50008.98,517948640
2011-05-08,49321.53,464823286
2011-05-15,48677.61,559610163
2011-05-22,48858.84,501626481
2011-05-29,49425.67,528826506
2011-06-05,49638.88,644977576
2011-06-12,49077.61,477040423
2011-06-19,49353.4,400932824
2011-06-26,48394.02,315674793
2011-07-03,48551.19,381162269
2011-07-10,48700.58,419058717
2011-07-17,47785.85,341460425
2011-07-24,47501.78,400183419
2011-07-31,47152.63,357922895
2011-08-07,42011.33,627229495
2011-08-14,39910.95,1128937417
2011-08-21,38749.61,657393977
2011-08-28,39774,418069335
2011-09-04,40544.28,604857533
2011-09-11,38708.57,523882710
2011-09-18,39254.5,754239573
2011-09-25,36549.47,802350380
2011-10-02,38268.75,599425526
2011-10-09,38174.89,608395600
2011-10-16,40026.63,900193901
2011-10-23,40054.41,587104316
2011-10-30,41686.02,937683290
2011-11-06,40909.81,681305677
2011-11-13,39853.18,677801166
2011-11-20,39106.23,549245069
2011-11-27,37601.56,900327992
2011-12-04,39144.14,758080311
2011-12-11,38637.17,641864077
2011-12-18,37001.49,585649479
2011-12-25,37788.65,464378262
2012-01-01,37595.44,304122636
2012-01-08,37739.39,638377914
2012-01-15,37991.91,590056459
2012-01-22,39518.87,679494515
2012-01-29,40467.92,654519663
2012-02-05,41732.3,1927209383
2012-02-12,41219.43,976475418
2012-02-19,42161.4,719984509
2012-02-26,41499.43,781318915
2012-03-04,41639.72,687920995
2012-03-11,41236.46,698297297
2012-03-18,42209.33,704934864
2012-03-25,41209.99,738452735
2012-04-01,41267.16,431107931
2012-04-08,40802.41,341419273
2012-04-15,40668.71,397711778
2012-04-22,40141.26,522853993
2012-04-29,40248.63,567842365
2012-05-06,39888,171657573
2012-05-13,39278.24,463016587
2012-05-20,37255.68,633193848
2012-05-27,36860.67,431985753
2012-06-03,37312.07,522111485
2012-06-10,38526.59,518531925
2012-06-17,39738.57,497491289
2012-06-24,40187.43,531999944
2012-07-01,40810.88,382524477
2012-07-08,40792.66,568000524
2012-07-15,40301.29,472324348
2012-07-22,40148.15,585318414
2012-07-29,39935.82,436547286
2012-08-05,40594.36,369329347
2012-08-12,41878.23,312063479
2012-08-19,41940.79,227365694
2012-08-26,41852.69,497109687
2012-09-02,41573.57,370032783
2012-09-09,42503.57,332090300
2012-09-16,44089.49,421608039
2012-09-23,43701.32,625227811
2012-09-30,43739.81,684504980
2012-10-07,44524.65,783618099
2012-10-14,43988.28,841737746
2012-10-21,43759.43,1078175838
2012-10-28,43264.17,689977255
2012-11-04,43581.92,387329186
2012-11-11,43210.47,478028783
2012-11-18,43772.6,630278416
2012-11-25,44436.63,403310758
2012-12-02,45014.74,461612432
2012-12-09,45538.45,539305470
2012-12-16,46912.94,470682652
2012-12-23,47479.87,734261269
2012-12-30,47460.59,241450900
2013-01-06,47888.16,375370998
2013-01-13,47440.8,450667536
2013-01-20,47813.69,750473873
2013-01-27,47613.95,655576273
2013-02-03,46945.58,853885799
2013-02-10,46741.54,441662209
2013-02-17,46370.13,705241291
2013-02-24,45948.12,476034350
2013-03-03,46341.14,486259642
2013-03-10,47074.39,532876977
2013-03-17,47125.93,622576301
2013-03-24,45066.18,496451536
2013-03-31,45147.57,500525316
2013-04-07,44597.66,588324866
2013-04-14,45525.92,696561510
2013-04-21,43447.75,437069503
2013-04-28,43665.21,992221566
2013-05-05,43991.51,506491086
2013-05-12,44895.35,360293264
2013-05-19,46078.68,422668018
2013-05-26,46145.44,462556387
2013-06-02,47806.34,488476483
2013-06-09,48209.65,466292615
2013-06-16,48273.42,486766182
2013-06-23,44732.92,632911572
2013-06-30,44747.79,440265620
2013-07-07,45110.89,587754653
2013-07-14,46150.78,282224304
2013-07-21,46399.74,325537988
2013-07-28,46258.91,255777344
2013-08-04,48325.33,337442460
2013-08-11,49125.36,343251943
2013-08-18,49976.48,362427873
2013-08-25,49895.1,514205002
2013-09-01,48871.98,429942359
2013-09-08,46717.04,706799099
2013-09-15,49348.61,540960280
2013-09-22,50308.19,626323344
2013-09-29,50819.81,507949411
2013-10-06,50601.24,558203452
2013-10-13,52230.47,504361456
2013-10-20,52587.24,609235205
2013-10-27,53887.13,465688538
2013-11-03,53607.86,456270672
2013-11-10,53305.36,455604593
2013-11-17,53896.03,362971931
2013-11-24,54834.12,572766140
2013-12-01,54704.89,478574489
2013-12-08,52727.52,457055131
2013-12-15,51761.82,485672614
2013-12-22,51097.75,508275704
2013-12-29,51267.29,126671530
2014-01-05,51497.81,167807718
2014-01-12,49796.5,456031419
2014-01-19,50925.12,511005817
2014-01-26,50593.45,644449491
2014-02-02,50831.61,584264890
2014-02-09,52137.9,530690348
2014-02-16,53397.03,502115875
2014-02-23,53400.11,598764659
2014-03-02,53811.3,559070947
2014-03-09,51954.46,876968499
2014-03-16,49520.84,616143688
2014-03-23,50555.93,473784763
2014-03-30,51831.67,280939605
2014-04-06,52660.68,243154959
2014-04-13,52389.75,259613930
2014-04-20,51510.98,151377304
2014-04-27,51497.7,161227517
2014-05-04,51782.38,134502925
2014-05-11,50451.79,199170543
2014-05-18,50858.58,231859237
2014-05-25,52413.38,225929133
2014-06-01,52066.97,386979091
2014-06-08,53233.18,231086716
2014-06-15,52759.01,176371580
2014-06-22,52923.26,171233709
2014-06-29,51713.44,191714669
2014-07-06,50995.56,211507317
2014-07-13,51085.89,163446295
2014-07-20,51315.91,163656164
2014-07-27,51608.79,144560561
2014-08-03,50390.94,194128994
2014-08-10,49593.68,180890831
2014-08-17,51512.57,132904980
2014-08-24,52143.1,185226962
2014-08-31,51868.77,178120485
2014-09-07,54412.52,232975299
2014-09-14,54021.81,259974956
2014-09-21,55636.77,286864722
2014-09-28,54574.21,232647993
2014-10-05,53754.63,210259560
2014-10-12,52734.24,194775259
2014-10-19,52662.9,280947221
2014-10-26,53320.13,207521518
2014-11-02,53949.58,177575594
2014-11-09,53254.04,168310499
2014-11-16,53176.98,143360932
2014-11-23,53215.87,192998889
2014-11-30,53247.07,189972685
2014-12-07,53652.58,167637550
2014-12-14,52265.24,192953999
2014-12-21,51297.12,410171866
2014-12-28,51511.68,78024661
2015-01-04,51378,88237947
2015-01-11,52065.88,161196219
2015-01-18,50300.33,273420719
2015-01-25,51680.12,208837119
2015-02-01,52102.39,228865054
2015-02-08,52417.42,215821100
2015-02-15,52368.83,194515731
2015-02-22,52566.43,174450101
2015-03-01,53304.21,217515745
2015-03-08,53381.8,228863475
2015-03-15,52740.67,190343105
2015-03-22,54477.36,251641824
2015-03-29,53607.28,210835556
2015-04-05,54179.04,174205539
2015-04-12,55026.26,199483869
2015-04-19,55459.57,213561241
2015-04-26,56518.96,202807683
2015-05-03,56477.69,172070990
2015-05-10,57379.45,225128900
2015-05-17,56901.42,200560223
2015-05-24,56828.92,177920513
2015-05-31,55531.79,200402004
2015-06-07,54278.69,133733739
2015-06-14,53956.79,186767996
2015-06-21,53039.35,185246854
2015-06-28,53836.45,156126568
2015-07-05,52764.91,165335234
2015-07-12,52588.42,178464951
2015-07-19,53428.96,166507031
2015-07-26,51860.33,179465729
2015-08-02,52750.94,226052790
2015-08-09,52425.2,312603636
2015-08-16,52566.45,249081498
2015-08-23,51850.61,287097260
2015-08-30,50972.44,344868610
2015-09-06,50792.08,381875030
2015-09-13,51519.45,293275819
2015-09-20,51303.79,335302072
2015-09-27,49935.09,270105477
2015-10-04,49275.66,252719964
2015-10-11,51710.74,317404150
2015-10-18,51391.65,292751525
2015-10-25,51157.09,238579137
2015-11-01,50271.65,226644452
2015-11-08,49599.29,239098246
2015-11-15,48697.1,200501273
2015-11-22,49434.43,257421931
2015-11-29,47996.8,256824886
2015-12-06,46537.67,350387171
2015-12-13,44220.32,474265140
2015-12-20,45996.81,326920233
2015-12-27,46564.08,126945320
2016-01-03,46467.38,134280974
2016-01-10,43770.51,188565257
2016-01-17,43719.53,334110037
2016-01-24,43039.42,361149750
2016-01-31,44290.05,304817698
2016-02-07,44671.66,285049367
2016-02-14,43849.4,223183025
2016-02-21,45455.8,327159356
2016-02-28,45770.44,232951186
2016-03-06,46400.67,309191175
2016-03-13,47182.13,266666383
2016-03-20,48211.45,377362520
2016-03-27,47778.01,219117451
2016-04-03,48506.46,221169631
2016-04-10,47556.03,205683978
2016-04-17,48095.43,194691873
2016-04-24,48446.39,268409921
2016-05-01,47641.99,244265476
2016-05-08,46663.67,152918567
2016-05-15,46063.67,184640726
2016-05-22,45784.76,206100351
2016-05-29,46634.55,145044129
2016-06-05,45523.93,232554940
2016-06-12,45348.2,167633758
2016-06-19,44606.86,227109088
2016-06-26,44773.75,236304424
2016-07-03,44754.05,253238319
2016-07-10,44024.66,190528037
2016-07-17,45540.6,220374980
2016-07-24,46541.69,169507480
2016-07-31,46171.72,210477639
2016-08-07,47604.22,305941545
2016-08-14,48631.44,208140393
2016-08-21,47536.72,177169106
2016-08-28,47456.36,259326396
2016-09-04,47405.71,238278341
2016-09-11,47326.14,236341459
2016-09-18,47166.67,219386907
2016-09-25,47865.78,246289485
2016-10-02,47084.94,230517367
2016-10-09,47762.81,216156755
2016-10-16,47285.64,209192498
2016-10-23,47931.14,233131409
2016-10-30,49070.85,224085571
2016-11-06,47610.85,183985589
2016-11-13,48447.59,185024889
2016-11-20,46910.91,240587050
2016-11-27,48579.08,231977617
2016-12-04,48474.03,283068912
2016-12-11,50693.75,313166331
2016-12-18,51115.26,298504566
2016-12-25,51295.58,222759993
2017-01-01,51754.03,128882678
2017-01-08,52721.67,172693931
2017-01-15,53498.26,284834384
2017-01-22,53573.28,243363430
2017-01-29,55657.7,305953292
2017-02-05,55408.23,220377564
2017-02-12,57385.03,304292696
2017-02-19,57972.68,391353231
2017-02-26,58657.32,295586127
2017-03-05,59313.38,389585865
2017-03-12,58316.11,426726284
2017-03-19,60440.57,395745787
2017-03-26,59069.56,339606780
2017-04-02,57911.31,281366307
2017-04-09,59287.92,244640017
2017-04-16,58695.36,193870870
2017-04-23,59285.57,252134815
2017-04-30,61644.56,380538434
2017-05-07,61831.4,167013629
2017-05-14,61595.38,385274274
2017-05-21,60739.95,290226939
2017-05-28,60907.75,236665832
2017-06-04,60754.42,239844000
2017-06-11,61181.57,222429781
2017-06-18,60481.07,158312215
2017-06-25,60982.19,184400465
2017-07-02,61018.36,193133689
2017-07-09,60707.52,128121738
2017-07-16,62127.72,183562069
2017-07-23,61979.52,183366722
2017-07-30,62366.5,200600743
2017-08-06,62478.3,245056136
2017-08-13,62206.45,377664573
2017-08-20,62053.31,272980470
2017-08-27,64135.52,404192496
2017-09-03,65208.48,290493860
2017-09-10,64306.53,238676253
2017-09-17,64535.67,268691764
2017-09-24,64397.32,247447669
2017-10-01,64289.69,211947933
2017-10-08,64456.06,220557288
2017-10-15,65318.72,254266714
2017-10-22,63719.57,215645462
2017-10-29,64054.62,285951252
2017-11-05,64214.11,172149418
2017-11-12,63415.6,236386469
2017-11-19,63047.02,225654898
2017-11-26,63857.97,209175398
2017-12-03,62031.02,296171856
2017-12-10,62430.24,228838302
2017-12-17,62619.6,237957503
2017-12-24,63237.38,228844209
2017-12-31,63746.2,163262442
2018-01-07,65314.32,140707012
2018-01-14,65465.65,203271545
2018-01-21,66897.08,181497451
2018-01-28,66861.37,187246325
2018-02-04,65021.36,192718408
2018-02-11,61952.62,233823780
2018-02-18,62818.71,158349978
2018-02-25,62665.06,146575285
2018-03-04,60580.36,198531371
2018-03-11,61688.08,167638153
2018-03-18,60391.42,236751200
2018-03-25,59436.36,186574530
2018-04-01,58377.42,149052917
2018-04-08,59553.13,138207972
2018-04-15,60477.53,196118281
2018-04-22,60144.37,148050989
2018-04-29,59567.47,218859959
2018-05-06,58883.65,99556954
2018-05-13,60784.11,205143560
2018-05-20,58740.33,216995002
2018-05-27,58233.23,222274413
2018-06-03,57890.11,342011531
2018-06-10,59015.21,213266539
2018-06-17,57693.09,215991444
2018-06-24,56610.74,180857027
2018-07-01,55954.44,204721731
2018-07-08,56497.02,134390605
2018-07-15,56594.71,156897423
2018-07-22,57303.81,174864497
2018-07-29,59650.51,196854286
2018-08-05,59605.67,177954329
2018-08-12,58783.91,213743007
2018-08-19,58130.92,178477832
2018-08-26,59900.47,247235320
2018-09-02,60201.08,257588523
2018-09-09,57580.05,328130356
2018-09-16,57632.29,315897117
2018-09-23,58237.83,464354258
2018-09-30,58974.76,267857363
2018-10-07,58415.84,192473984
2018-10-14,56516.02,186982349
2018-10-21,56642.84,199897953
2018-10-28,54027.32,154060818
2018-11-04,56321.58,156542538
2018-11-11,56924.39,237607697
2018-11-18,55442.1,274379989
2018-11-25,56788.04,443923083
2018-12-02,58203.39,331768614
2018-12-09,58180.45,291240872
2018-12-16,58780.55,324945762
2018-12-23,57331.35,392477406
2018-12-30,57690.5,76855427
2019-01-06,57947.51,89710058
2019-01-13,59322.53,217090683
2019-01-20,60289.51,191102175
2019-01-27,60661.36,189708934
2019-02-03,60660.31,178699977
2019-02-10,60280.51,189122497
2019-02-17,59814.26,207297572
2019-02-24,60274.56,188356367
2019-03-03,60076.61,202098898
2019-03-10,59436.39,169666571
2019-03-17,60706.57,240488929
2019-03-24,60097.1,182319082
2019-03-31,59668.03,144696411
2019-04-07,60755.88,155977288
2019-04-14,60969.26,140494456
2019-04-21,60910.11,130416994
2019-04-28,60990.17,110350046
2019-05-05,59744.3,99659968
2019-05-12,56913.26,192167904
2019-05-19,56561.79,180523615
2019-05-26,56753.79,157111890
2019-06-02,57909.95,201674733
2019-06-09,58852.53,198326656
2019-06-16,59092.01,185321908
2019-06-23,59433.13,185954243
2019-06-30,60187.43,202118349
2019-07-07,60628.11,158064680
2019-07-14,60378,194990402
2019-07-21,60902.04,194488133
2019-07-28,60146.67,140819125
2019-08-04,58360.55,159293720
2019-08-11,56316.19,178238897
2019-08-18,55227.6,129448188
2019-08-25,56047.39,156350503
2019-09-01,56739.53,184209436
2019-09-08,56593.23,148617098
2019-09-15,58144.64,200457883
2019-09-22,57485.19,304921266
2019-09-29,57666.04,180711016
2019-10-06,55980.47,172343185
2019-10-13,56895.37,151259832
2019-10-20,57024.61,157945726
2019-10-27,57329.09,147845790
2019-11-03,57783.02,127978806
2019-11-10,59191.71,205454681
2019-11-17,58751.67,160233624
2019-11-24,57863.03,166816887
2019-12-01,57502.14,192034549
2019-12-08,55994.68,193750493
2019-12-15,56729.11,170206827
2019-12-22,57202.89,229963063
2019-12-29,57877.81,53389281
2020-01-05,58603.27,87443913
2020-01-12,58732.09,141160769
2020-01-19,59039.84,202179269
2020-01-26,58607.31,172409925
2020-02-02,56681.27,198710716
2020-02-09,57816.25,187526737
2020-02-16,57895.19,153780166
2020-02-23,57424.47,144060205
2020-03-01,49276.54,345060707
2020-03-08,49326.23,273889256
2020-03-15,38629.63,410863062
2020-03-22,41153.2,541643796
2020-03-29,40886.9,308261602
2020-04-05,41532.37,396128290
2020-04-12,44499.23,389020588
2020-04-19,45353.23,320398952
2020-04-26,44884.25,279524837
2020-05-03,46117,270106330
2020-05-10,45228.14,240105401
2020-05-17,44348.22,226731006
2020-05-24,45915.72,247918088
2020-05-31,48127.64,524597767
2020-06-07,51494.63,427824827
2020-06-14,50169.11,434194196
2020-06-21,50670.08,502693161
2020-06-28,49725.89,401648223
2020-07-05,50959.44,320891810
2020-07-12,50933.53,253341655
2020-07-19,51046.47,318148415
2020-07-26,51672.44,411735831
2020-08-02,50468.16,418143259
2020-08-09,51732.44,281177000
2020-08-16,52631.64,223405149
2020-08-23,51920.09,247574281
2020-08-30,52237.26,200699415
2020-09-06,50522.18,247597116
2020-09-13,50737.57,250327383
2020-09-20,49825.58,252166974
2020-09-27,48294.74,311536564
2020-10-04,49043.26,223613883
2020-10-11,49191.09,237710950
2020-10-18,48210.12,268673314
2020-10-25,47846.25,266853755
2020-11-01,44097.98,270768196
2020-11-08,48962.48,258288697
2020-11-15,50636.31,302131083
2020-11-22,52353.64,263457030
2020-11-29,53302.48,238389686
2020-12-06,55304.72,296526481
2020-12-13,55501.03,376167463
2020-12-20,55607.24,325239522
2020-12-27,55843.46,151002743
2021-01-03,57025.84,202866916
2021-01-10,59843.23,339542580
2021-01-17,57872.92,296185868
2021-01-24,57304.69,308113695
2021-01-31,56978.68,386000269
2021-02-07,57453.85,393140249
2021-02-14,57428.07,309065949
2021-02-21,58712.53,426533489
2021-02-28,56970.3,362118013
2021-03-07,57643.55,324075637
2021-03-14,59443.12,300098141
2021-03-21,57595.05,396737342
2021-03-28,57525.64,284842956
2021-04-04,58512.71,188872771
2021-04-11,59389.97,219456191
2021-04-18,60158.72,277035463
2021-04-25,59355.67,231045050
2021-05-02,60810.55,270932110
2021-05-09,62109,201184045
2021-05-16,62237.55,258497145
2021-05-23,63626.19,222084136
2021-05-30,66195.47,278198786
2021-06-06,66877.18,187561194
2021-06-13,66210.63,242767792
2021-06-20,65988.89,233545584
2021-06-27,67947.66,163637316
2021-07-04,67027.89,202149804
2021-07-11,67128.8,156992576
2021-07-18,67329.44,160187225
2021-07-25,67190.72,156676004
2021-08-01,67637.95,141335973
2021-08-08,68387.12,140596929
2021-08-15,69254.4,153447352
2021-08-22,67966.14,198640745
2021-08-29,69774.86,260600673
2021-09-05,71177.34,367800211
2021-09-12,71091.23,405541259
2021-09-19,71107.64,342900093
2021-09-26,70162.59,225514461
2021-10-03,70811.97,256923642
2021-10-10,73327.72,460989583
2021-10-17,74444.83,328810936
2021-10-24,73602.06,275797354
2021-10-31,73586.32,241804431
2021-11-07,74813.24,250210599
2021-11-14,72574.53,205898769
2021-11-21,69415.67,236227633
2021-11-28,66440.82,237639126
2021-12-05,67730.01,297928923
2021-12-12,68368.83,199944628
2021-12-19,67153.1,267462738
2021-12-26,68120.16,160242987
2022-01-02,69296.26,210682397
2022-01-09,70850.99,178363070
2022-01-16,72563.29,272914912
2022-01-23,69265.35,253565830
2022-01-30,66892.11,240101106
2022-02-06,67149.47,206623673
2022-02-13,67618,170158015
2022-02-20,65696.56,196359530
2022-02-27,60414.19,412282186
2022-03-06,58386.18,608359231
2022-03-13,61323.15,461744703
2022-03-20,63658.84,362981122
2022-03-27,64420.13,285948025
2022-04-03,65716.19,282360459
2022-04-10,63718.63,256865662
2022-04-17,63760.06,160847956
2022-04-24,60903.71,162289726
2022-05-01,57754.98,295790070
2022-05-08,55237.12,216633208
2022-05-15,55143.54,243927254
2022-05-22,55687.59,238683310
2022-05-29,56609.87,207589929.5314
2022-06-05,56857.65,205320138
2022-06-12,54307.76,148876339.47625
2022-06-19,52629.58,184192591
2022-06-26,53014.11,152868601
2022-07-03,53433.55,170735509.10952
2022-07-10,54611.02,193170494
2022-07-17,51633.52,198215917
2022-07-24,54105.89,177271430.42901
2022-07-31,55007.36,244853995
2022-08-07,53863.78,194328068.85714
2022-08-14,56070.42,175852464.3204
2022-08-21,54398.69,145892141
2022-08-28,52282.33,226147177
2022-09-04,49671.47,246530236
2022-09-11,50708.61,190228266.6002
2022-09-18,49350.07,250898861
2022-09-25,48081.16,187308240
2022-10-02,45970.64,227876366
2022-10-09,46911.05,169547641
2022-10-16,46570.39,204094944
2022-10-23,46768.23,200480863.5
2022-10-30,49547.35,242974013
2022-11-06,52300.2,191851931
2022-11-13,54421.13,216252787
2022-11-20,54891.25,268536991.84112
2022-11-27,56280.53,185945146
2022-12-04,56207.29,354657126
2022-12-11,55836.35,173836351.74359
2022-12-18,56032.12,210265650
2022-12-25,57039.91,129520822.01012
2023-01-01,57462.68,116642115
2023-01-08,59854.8,192418505
2023-01-15,61565.83,266565087
2023-01-22,60788.05,223482320
2023-01-29,61269.7,198950049
2023-02-05,61465.85,216154527
2023-02-12,60008.87,180752835
2023-02-19,60459.17,169004334
2023-02-26,59051.34,136914640
2023-03-05,60205.87,174067905
2023-03-12,59570,193863551
2023-03-19,56283.05,243537314
2023-03-26,56024.38,166523931
2023-04-02,58608.76,220222518
2023-04-09,58538.87,135331622
2023-04-16,61293.06,171515917
2023-04-23,62409.21,175121293
2023-04-30,62948.5,169465398
2023-05-07,62692.96,103211100
2023-05-14,63669.39,196428176
2023-05-21,64919.22,184988034
2023-05-28,64788.01,176973966.72866
2023-06-04,65654.39,188256340
2023-06-11,66531.53,137614855
2023-06-18,67850.51,260606966.85402
2023-06-25,66272.99,138801130
2023-07-02,67283.22,139761963.25183
2023-07-09,67181.67,170217211.4985
2023-07-16,70242.39,153585468
2023-07-23,71298.19,218446886.51731
2023-07-30,71965.41,136557800
2023-08-06,71471.63,141717261
2023-08-13,70503.71,142995210
2023-08-20,68084.46,111689833.84083
2023-08-27,67706.43,143473501.51141
2023-09-03,69017.61,162218147
2023-09-10,66542.34,187531747
2023-09-17,67368.11,180337375
2023-09-24,66519.31,146247594
2023-10-01,65397.43,162616343.68469
2023-10-08,63903.35,193176352
2023-10-15,67061.9,231398241
2023-10-22,68361.11,286425760
2023-10-29,70290.31,181334890
2023-11-05,72473.24,145357299
2023-11-12,71545.8,149404945
2023-11-19,74091.85,209464219
2023-11-26,74469.99,161913918
2023-12-03,76319.05,228328623
2023-12-10,77111.85,156840452
2023-12-17,77647.1,227851598
2023-12-24,78667.79,159311326
2023-12-31,78459.91,103302448
2024-01-07,76593.76,154516101
2024-01-14,76106.23,170158345
2024-01-21,74774.93,156113069
2024-01-28,75683.59,223418430
2024-02-04,79575.14,211501605
2024-02-11,78450.66,255574113
2024-02-18,80147.01,190048343
2024-02-25,83265.56,181166424
2024-03-03,82172.36,212861088
2024-03-10,80199.54,179022334
2024-03-17,80199.35,260830655
2024-03-24,80992.64,153721613
2024-03-31,82745.58,118775248
2024-04-07,83642.11,169942370
2024-04-14,82864.67,236975978
2024-04-21,83206.02,218703240.5974
2024-04-28,84443.72,196351686.90137
2024-05-05,84393.73,100182105
2024-05-12,86508.67,275912489
2024-05-19,88734.63,238150395
2024-05-26,87690.05,221010033
2024-06-02,86996.07,63371765.563462
